title,link,pub_date,description
"Mass grave reveals scale of unlawful killings by Egyptian army in Sinai, say campaigners",https://www.theguardian.com/world/2025/sep/22/mass-grave-reveals-scale-of-unlawful-killings-by-egyptian-army-in-sinai-say-campaigners,"Mon, 22 Sep 2025 10:25:55 GMT","<p>Human rights group says hundreds of skeletons found exposed or buried just below ground during research into killings of civilians</p><p>Hundreds of bodies could have been buried at a mass grave discovered in Egypt’s Sinai province by human rights campaigners.</p><p>Bodies lying on the surface and others buried barely 30cm below were found at a burial site near a military outpost by the Sinai Foundation for Human Rights.</p> <a href=""https://www.theguardian.com/world/2025/sep/22/mass-grave-reveals-scale-of-unlawful-killings-by-egyptian-army-in-sinai-say-campaigners"">Continue reading...</a>"
Kenya’s arrest warrant is milestone in Agnes Wanjiru case but lengthy UK process awaits,https://www.theguardian.com/world/2025/sep/21/kenya-issues-arrest-warrant-agnes-wanjiru-uk-must-rule-on-extradition,"Sun, 21 Sep 2025 17:39:10 GMT","<p>After 13 years, warrant has been issued for UK suspect, but Robert James Purkiss would need to be extradited to face charges</p><ul><li><p><a href=""https://www.theguardian.com/uk-news/2025/sep/21/british-soldier-accused-of-murdering-kenyan-woman-agnes-wanjiru-named"">British soldier accused of murdering Agnes Wanjiru named</a></p></li></ul><p>In the spring of 2012, David Cameron was prime minister and British troops were still fighting in Afghanistan under the stewardship of the then defence secretary, Philip Hammond.</p><p>Before deploying, soldiers from the UK would be flown 3,000 miles south-west of Helmand province, to Kenya, for hot weather training. They would train at Batuk, the British army base that still operates today, close to Nanyuki, a poor market town in the east of the country.</p> <a href=""https://www.theguardian.com/world/2025/sep/21/kenya-issues-arrest-warrant-agnes-wanjiru-uk-must-rule-on-extradition"">Continue reading...</a>"
Scores killed by RSF drone strike on mosque in besieged Sudanese city,https://www.theguardian.com/world/2025/sep/19/rsf-drone-strike-kills-scores-people-mosque-sudan,"Fri, 19 Sep 2025 14:45:42 GMT","<p>First responders say 75 worshippers dead as paramilitaries push to capture last foothold of Sudanese army in Darfur</p><p>A drone strike by the paramilitary Rapid Support Forces on the besieged Sudanese city of El Fasher has killed 75 people worshipping in a mosque, first responders have said, as the group continued its push to capture the last foothold of Sudan’s army in the Darfur region.</p><p>The attack, one of the deadliest this year in the city, hit the al-Daraja neighbourhood, where civilians from the famine-hit Abu Shouk displacement camp had fled after it was overrun by fighters .</p> <a href=""https://www.theguardian.com/world/2025/sep/19/rsf-drone-strike-kills-scores-people-mosque-sudan"">Continue reading...</a>"
"Kenya’s Turkana people genetically adapted to live in harsh environment, study suggests",https://www.theguardian.com/global-development/2025/sep/19/kenya-turkana-people-genetically-adapted-to-live-in-harsh-environment-study-suggests,"Fri, 19 Sep 2025 09:21:37 GMT","<p>Research which began with conversations round a campfire and went on to examine 7m gene variants shows how people survive with little water and a meat-rich diet</p><p>A collaboration between African and American researchers and a community living in one of the most hostile landscapes of northern Kenya has uncovered key genetic adaptations that explain how pastoralist people have been able to thrive in the region.</p><p>Underlying the population’s abilities to live in Turkana, a place defined by extreme heat, water scarcity and limited vegetation, has been hundreds of years of natural selection, according to a study <a href=""https://www.science.org/doi/10.1126/science.adv2467"">published in Science</a>.</p> <a href=""https://www.theguardian.com/global-development/2025/sep/19/kenya-turkana-people-genetically-adapted-to-live-in-harsh-environment-study-suggests"">Continue reading...</a>"
"Eritrean man is second to be deported to France under UK’s ‘one in, one out’ deal",https://www.theguardian.com/uk-news/2025/sep/19/eritrean-man-is-second-to-be-deported-to-france-under-uk-one-in-one-out-deal,"Fri, 19 Sep 2025 06:55:42 GMT","<p>Home Office says man left Heathrow for Paris early on Friday after losing high court attempt to block move</p><p>An Eritrean man has been deported to France under the UK government’s “one in, one out” deal with the neighbouring country.</p><p>The man – the second to be deported under the agreement – was on a flight that left Heathrow for Paris at 6.15am on Friday, the Home Office confirmed after he lost a high court attempt to block the move.</p> <a href=""https://www.theguardian.com/uk-news/2025/sep/19/eritrean-man-is-second-to-be-deported-to-france-under-uk-one-in-one-out-deal"">Continue reading...</a>"
Weather tracker: Flash floods and landslides wreak havoc in California,https://www.theguardian.com/environment/2025/sep/22/weather-tracker-flash-floods-landslides-havoc-california,"Mon, 22 Sep 2025 08:24:55 GMT","<p>Two-year-old boy dies and homes buried as remnants of Tropical Storm Mario bring downpours and thunder</p><p>Flash flooding and landslides led to the <a href=""https://www.theguardian.com/us-news/2025/sep/20/two-year-old-drowns-california-mudslides"">death of a two-year-old boy</a> in California in the US last week, after heavy rainfall followed on the heels of Tropical Storm Mario further south. The storm skirted the Pacific coast of Mexico with minimal disruption, eventually dissipating to the west of Baja California on Tuesday, but the remnants went on to cause havoc on Thursday. Residual moist air from the tropical storm was drawn north-east towards California, bringing heavy downpours and thunder to central and southern counties.</p><p>The heaviest rainfall was in the mountains of Riverside and San Bernardino counties, where up to 68mm (2.67in) fell in a few hours. Further north, Death Valley – famously one of the driest places on Earth – received 15mm of rain, triple the average rainfall for September and a full quarter of the yearly average.</p> <a href=""https://www.theguardian.com/environment/2025/sep/22/weather-tracker-flash-floods-landslides-havoc-california"">Continue reading...</a>"
Brazilians protest in their thousands against granting Bolsonaro amnesty,https://www.theguardian.com/world/2025/sep/21/brazil-protest-against-jair-bolsonaro-amnesty,"Sun, 21 Sep 2025 19:44:16 GMT","<p>Huge crowds pack the streets to oppose endeavours to help ex-president escape jail</p><p>Tens of thousands of Brazilians have taken to the streets to demand no amnesty be granted to their country’s former president Jair Bolsonaro after he was convicted of plotting a coup.</p><p>The far-right populist was <a href=""https://www.theguardian.com/world/2025/sep/11/brazil-supreme-court-bolsonaro-guilty-coup"">sentenced to 27 years in prison</a> earlier this month for illegally attempting to cling to power after he lost the 2022 presidential election to his leftwing opponent, Luiz Inácio Lula da Silva.</p> <a href=""https://www.theguardian.com/world/2025/sep/21/brazil-protest-against-jair-bolsonaro-amnesty"">Continue reading...</a>"
Trump again asks supreme court to end protections for Venezuelans in US,https://www.theguardian.com/us-news/2025/sep/19/trump-tps-immigration-venezuela,"Sat, 20 Sep 2025 00:01:03 GMT","<p>Justice department urges court to overturn ruling that Kristi Noem lacked authority to end TPS program</p><p>The Trump administration asked the US supreme court on Friday to intervene for the second time in a case involving its bid to end deportation protections the former president, Joe Biden, granted to hundreds of thousands of Venezuelans in the United States.</p><p>The justice department filed an emergency application asking the justices to lift a federal judge’s ruling that the homeland security secretary, Kristi Noem, lacked the authority to end the protections for Venezuelans under the temporary protected status, or TPS, program.</p> <a href=""https://www.theguardian.com/us-news/2025/sep/19/trump-tps-immigration-venezuela"">Continue reading...</a>"
UN votes to allow Palestinian president to address annual gathering via video link,https://www.theguardian.com/world/2025/sep/19/un-palestinian-president-annual-gathering-video-link,"Fri, 19 Sep 2025 17:08:53 GMT","<p>Trump had refused to grant visas for Palestinian delegation due to attend conference and UN general assembly</p><p>The United Nations general assembly has voted to allow the Palestinian president, Mahmoud Abbas, to address next week’s annual gathering of world leaders next week in New York via video link after Donald Trump said he would not give him a US visa.</p><p>The resolution received 145 votes in favour and five votes against, while six countries abstained.</p> <a href=""https://www.theguardian.com/world/2025/sep/19/un-palestinian-president-annual-gathering-video-link"">Continue reading...</a>"
Judges rule against Trump administration on deporting Guatemalan children and Venezuelans,https://www.theguardian.com/us-news/2025/sep/18/ruling-trump-deport-children-guatemalan-venezuelan,"Thu, 18 Sep 2025 18:10:34 GMT","<p>Double defeat protects Venezuelans with temporary protected status and Guatemalan minors</p><p>The <a href=""https://www.theguardian.com/us-news/trump-administration"">Trump administration</a> has been handed a double defeat by judges in immigration cases, barring the executive branch from deporting a group of Guatemalan children and from slashing protections for many Venezuelans in the US.</p><p>A federal judge on Thursday ordered the administration to refrain from deporting Guatemalan unaccompanied immigrant children with active immigration cases while a legal challenge plays out.</p> <a href=""https://www.theguardian.com/us-news/2025/sep/18/ruling-trump-deport-children-guatemalan-venezuelan"">Continue reading...</a>"
Protesters flood streets of Philippines over state corruption,https://www.theguardian.com/world/2025/sep/21/protests-philippines-corruption-state-flood,"Sun, 21 Sep 2025 16:17:31 GMT","<p>Dozens of police officers injured as anger erupts over billions allegedly spent on bogus relief projects</p><p>Tens of thousands of Filipinos took to the streets on Sunday to protest against government corruption after it was alleged that taxpayers have lost billions of dollars to bogus flood relief projects.</p><p>Students, church groups, celebrities, and citizens from different political camps filled the streets in Manila and other cities.</p> <a href=""https://www.theguardian.com/world/2025/sep/21/protests-philippines-corruption-state-flood"">Continue reading...</a>"
Chinese executive jailed for 25 years in US for trafficking fentanyl chemicals,https://www.theguardian.com/us-news/2025/sep/19/chinese-executive-jailed-fentanyl,"Sat, 20 Sep 2025 01:30:36 GMT","<p>Qingzhou Wang of Amarvel Biotech accused by prosecutors of turning chemical company into ‘pipeline of poison’ </p><p>A <a href=""https://www.theguardian.com/world/china"">Chinese</a> company executive has been sentenced to 25 years in prison for trafficking in chemicals used to manufacture <a href=""https://www.theguardian.com/society/fentanyl"">fentanyl</a>, the US justice department has said.</p><p>Qingzhou Wang, 37, principal executive of Amarvel Biotech, a company based in Wuhan, and Yiyi Chen, 33, the firm’s marketing manager, were convicted in New York in February of fentanyl precursor importation and money laundering.</p> <a href=""https://www.theguardian.com/us-news/2025/sep/19/chinese-executive-jailed-fentanyl"">Continue reading...</a>"
"Trump says Xi Jinping has agreed to approve TikTok deal, but details unclear",https://www.theguardian.com/technology/2025/sep/19/deal-to-transfer-tiktok-to-us-control-unresolved-trump-xi-call,"Fri, 19 Sep 2025 22:34:08 GMT","<p>Trump’s statement suggests preliminary agreement between leaders in the first direct contact between them since June</p><p>Donald Trump said on Friday that he and Xi Jinping had agreed to approve a deal over TikTok.</p><p>“He approved the TikTok deal,” Trump said about Xi to reporters in the Oval Office, suggesting the leaders signed off on a preliminary agreement. But Trump offered no details about the agreement or when it would be signed.</p> <a href=""https://www.theguardian.com/technology/2025/sep/19/deal-to-transfer-tiktok-to-us-control-unresolved-trump-xi-call"">Continue reading...</a>"
China issues warning to Papua New Guinea over defence deal with Australia,https://www.theguardian.com/world/2025/sep/19/china-issues-warning-papua-new-guinea-over-defence-deal-with-australia,"Fri, 19 Sep 2025 05:34:56 GMT","<p>Beijing’s comments come as leading military figures in PNG express concern over a potential defence treaty with Australia</p><p><strong> </strong>China has urged Papua New Guinea not to sign a treaty that could restrict or prevent it from cooperating with another country, days after Australia failed to secure a defence pact with the Pacific nation.</p><p>In a statement on Facebook late on Thursday, the Chinese embassy in Papua New Guinea said it respected the country’s “right to conclude a bilateral treaty with other countries on a voluntary basis”.</p> <a href=""https://www.theguardian.com/world/2025/sep/19/china-issues-warning-papua-new-guinea-over-defence-deal-with-australia"">Continue reading...</a>"
Bali to block new hotels and restaurants after deadly flooding raises questions about mass tourism,https://www.theguardian.com/world/2025/sep/19/bali-bans-new-hotels-restaurants-after-deadly-flooding-raises-questions-about-mass-tourism,"Fri, 19 Sep 2025 04:19:44 GMT","<p>Bali governor says new instructions issued to stop hotels and restaurants being built on productive land, especially rice fields</p><p>Indonesia will ban the construction of new hotels and restaurants built atop cleared rice fields and agricultural land on the popular resort island of Bali, after recent flash flooding killed at least 18 people.</p><p>A state of emergency was declared on Bali on 10 September after the island experienced the most severe flooding in more than a decade.</p> <a href=""https://www.theguardian.com/world/2025/sep/19/bali-bans-new-hotels-restaurants-after-deadly-flooding-raises-questions-about-mass-tourism"">Continue reading...</a>"
The government’s promised triple zero ‘custodian’ not yet staffed more than a year after previous Optus outage,https://www.theguardian.com/business/2025/sep/22/optus-outage-government-promised-triple-zero-custodian-not-yet-staffed-more-than-a-year-after-previous,"Mon, 22 Sep 2025 08:49:00 GMT","<p>Consumer advocacy bodies and Greens say Labor failed to act fast enough to prevent last week’s outage linked to multiple deaths</p><ul><li><p><a href=""https://www.theguardian.com/australia-news/live/2025/sep/22/australia-news-live-anthony-albanese-new-york-israel-palestine-donald-trump-optus-triple-zero-ntwnfb"">Follow our Australia news live blog for latest updates</a></p></li><li><p>Get our <a href=""https://www.theguardian.com/email-newsletters?CMP=cvau_sfl"">breaking news email</a>, <a href=""https://app.adjust.com/w4u7jx3"">free app</a> or <a href=""https://www.theguardian.com/australia-news/series/full-story?CMP=cvau_sfl"">daily news podcast</a></p></li></ul><p>An independent manager of the triple-zero emergency system has not yet been staffed by the federal government, despite it being a key recommendation of the review into Optus’s last emergency outage.</p><p>The communications minister, Anika Wells, said she wanted to “fast track” that process and others rising out of the latest debacle from the maligned telco, but consumer advocacy bodies and the Greens are critical the government has not worked quicker. Calls are growing for Optus to face multimillion-dollar fines even higher than the penalties from a similar incident in 2023.</p> <a href=""https://www.theguardian.com/business/2025/sep/22/optus-outage-government-promised-triple-zero-custodian-not-yet-staffed-more-than-a-year-after-previous"">Continue reading...</a>"
Australia news live: Optus identifies seven more people unable to call triple zero; Meta to use AI to detect under-18s,https://www.theguardian.com/australia-news/live/2025/sep/22/australia-news-live-anthony-albanese-new-york-israel-palestine-donald-trump-optus-triple-zero-ntwnfb,"Mon, 22 Sep 2025 07:43:33 GMT","<p>Follow today’s news live</p><ul><li><p>Get our <a href=""https://www.theguardian.com/email-newsletters?CMP=cvau_sfl"">breaking news email</a>, <a href=""https://app.adjust.com/w4u7jx3"">free app</a> or <a href=""https://www.theguardian.com/australia-news/series/full-story?CMP=cvau_sfl"">daily news podcast</a></p></li></ul><p><strong>Any penalties would be financial, not criminal</strong></p><p>The Australian Communications Media Authority said any penalties would largely be financial if imposed, adding the body could also seek enforceable undertakings from Optus.</p><p>Triple zero and emergency call services are a fundamental requirement for all telcos. They are there for people at their most vulnerable and they have devastating effects if they are not in place. We have seen that play out over the last few days.</p><p>We have started that by alerting Optus to the investigation being under way. We will be seeking significant information from Optus. Telco networks are complex much we will need time to dig into what has exactly happened here.</p> <a href=""https://www.theguardian.com/australia-news/live/2025/sep/22/australia-news-live-anthony-albanese-new-york-israel-palestine-donald-trump-optus-triple-zero-ntwnfb"">Continue reading...</a>"
Sky News Australia admits editorial failure after guest insults Islam while wearing bacon-covered shirt,https://www.theguardian.com/media/2025/sep/22/sky-news-australia-admits-editorial-failure-after-guest-insults-islam-while-wearing-bacon-covered-shirt,"Mon, 22 Sep 2025 07:33:20 GMT","<p>Host Freya Leach sat silently while Ryan Williams called Muslims terrorists and explained he ‘wore’ bacon to protect himself from alleged threats of beheading</p><ul><li><p><a href=""https://www.theguardian.com/media/article/2024/aug/28/weekly-beast-email-austrailan-media-diary-free-newsletter-subscribe-sign-up?CMP=cvau_sfl"">Sign up for Guardian Australia’s free weekly media newsletter here</a></p></li></ul><p>Sky News Australia has admitted a failure of editorial process allowed a guest to deliver a highly offensive diatribe against Islam while wearing a shirt festooned with raw bacon rashers.</p><p>Introducing the UK-based man as a “social media sensation”, Sky News host Freya Leach sat mute while Ryan Williams called Muslims terrorists and explained he “wore” bacon to protect himself from alleged threats of beheading.</p><p><strong><a href=""https://www.theguardian.com/media/article/2024/aug/28/weekly-beast-email-austrailan-media-diary-free-newsletter-subscribe-sign-up?CMP=copyembed"">Sign up to get Guardian Australia’s weekly media diary as a free newsletter</a></strong></p> <a href=""https://www.theguardian.com/media/2025/sep/22/sky-news-australia-admits-editorial-failure-after-guest-insults-islam-while-wearing-bacon-covered-shirt"">Continue reading...</a>"
"Optus will face ‘significant consequences’ for triple zero failure linked to deaths, minister says",https://www.theguardian.com/business/2025/sep/22/optus-will-face-significant-consequences-for-triple-zero-failure-linked-to-deaths-federal-government-says,"Mon, 22 Sep 2025 01:44:08 GMT","<p>Communications minister Anika Wells says telco has ‘no excuses here’ after last week’s outage linked to three deaths across two states</p><ul><li><p><a href=""https://www.theguardian.com/australia-news/live/2025/sep/22/australia-news-live-anthony-albanese-new-york-israel-palestine-donald-trump-optus-triple-zero-ntwnfb"">Follow our Australia news live blog for latest updates</a></p></li><li><p>Get our <a href=""https://www.theguardian.com/email-newsletters?CMP=cvau_sfl"">breaking news email</a>, <a href=""https://app.adjust.com/w4u7jx3"">free app</a> or <a href=""https://www.theguardian.com/australia-news/series/full-story?CMP=cvau_sfl"">daily news podcast</a></p></li></ul><p>The federal government has promised Optus will “suffer significant consequences” after multiple deaths were recorded during the telco’s triple zero outage, with major financial penalties likely.</p><p>The communications regulator said it wasn’t informed of <a href=""https://www.theguardian.com/business/2025/sep/19/three-people-died-when-optus-network-upgrade-affected-triple-zero-calls-ceo-confirms"">the outage by Optus</a> until hours after it had been resolved – and that the company had provided “inaccurate” information.</p> <a href=""https://www.theguardian.com/business/2025/sep/22/optus-will-face-significant-consequences-for-triple-zero-failure-linked-to-deaths-federal-government-says"">Continue reading...</a>"
Latest recognitions of Palestinian state will deepen global diplomatic rifts,https://www.theguardian.com/world/2025/sep/21/latest-recognitions-of-palestinian-state-will-deepen-global-diplomatic-rifts,"Sun, 21 Sep 2025 20:00:52 GMT","<p>Israel threatens retaliatory West Bank annexations as move by UK, Canada and Australia increases tension with US</p><p>• <a href=""https://www.theguardian.com/world/2025/sep/21/uk-canada-and-australia-announce-formal-recognition-of-palestine-with-wave-of-israel-allies-to-follow"">UK, Canada and Australia announce formal recognition of Palestine, with wave of Israel’s allies to follow</a></p><p>The recognition of a Palestinian state by the UK, Canada and Australia will set off a global diplomatic scramble as Israel considers retaliatory annexations in the West Bank, a move that would deepen its standoff with Europe, widen its rift with the Arab states, and further distance the US from its allies around the world as the Trump administration maintains support for Netanyahu and Israel in its war in Gaza.</p><p>Washington had warned allies ahead of Sunday’s announcement that Israel would retaliate “symbolically” and top officials were aware that Israel’s response could imperil cornerstone Trump administration initiatives including the <a href=""https://www.theguardian.com/world/2020/sep/15/uae-bahrain-and-israel-sign-historic-accords-at-white-house-event-formal-relations-trump-netanyahu"">Abraham Accords</a>, which sought to normalise relations between Israel and the Arab states but appear in danger of collapse.</p> <a href=""https://www.theguardian.com/world/2025/sep/21/latest-recognitions-of-palestinian-state-will-deepen-global-diplomatic-rifts"">Continue reading...</a>"
UN security council to meet to discuss growing concerns over Russian provocations in eastern Europe – Europe live,https://www.theguardian.com/world/live/2025/sep/22/latest-europe-news-russia-estonia-un-united-nations-security-live-latest-updates,"Mon, 22 Sep 2025 10:32:52 GMT","<p>Warnings of risk of ‘serious conflict’ if Russia continues to provoke Nato by violating European airspace</p><p>Estonia’s senior diplomat <strong>Jonatan Vseviov</strong>, quoted earlier (10:38), also commented on Russian claims that its jets had not violated Estonian airspace in his interview this morning.</p><p>In comments reported by Estonian public broadcaster ERR, he <a href=""https://www.err.ee/1609807902/vseviov-jargmine-sanktsioonide-pakett-peab-olema-venemaale-tosiselt-haiget-tegev"">said</a>:</p><p><em>“We have <strong>irrefutable evidence of this, and not just us, but all of our allies.</strong> This evidence exists. The fact that Russia is provocatively and dangerously violating the airspace of a Nato country is one thing. The fact that it is openly lying to the whole world about it is another.”</em></p> <a href=""https://www.theguardian.com/world/live/2025/sep/22/latest-europe-news-russia-estonia-un-united-nations-security-live-latest-updates"">Continue reading...</a>"
Flight delays continue across Europe after weekend cyber-attack,https://www.theguardian.com/world/2025/sep/22/flight-delays-europe-cyber-attack-heathrow-brussels-berlin,"Mon, 22 Sep 2025 08:03:11 GMT","<p>Software provider Collins Aerospace completing updates after Heathrow, Brussels and Berlin hit by problems</p><ul><li><p><a href=""https://www.theguardian.com/business/live/2025/sep/22/rachel-reeves-gatwick-second-runway-growth-jobs-environmental-disaster-business-live-news"">Business live – latest updates</a></p></li></ul><p>Passengers are facing another day of flight delays across Europe, as big airports continue to grapple with the <a href=""https://www.theguardian.com/uk-news/2025/sep/20/heathrow-airport-delays-cyber-attack-berlin-brussels-cancelled-delays"">aftermath of a cyber-attack </a>on the company behind the software used for check-in and boarding.</p><p>Several of the largest airports in Europe, including London Heathrow, have been <a href=""https://www.theguardian.com/business/2025/sep/21/delays-continue-at-heathrow-brussels-and-berlin-airports-after-alleged-cyber-attack"">trying to restore normal operations</a> over the past few days after an attack on Friday disrupted automatic check-in and boarding software.</p> <a href=""https://www.theguardian.com/world/2025/sep/22/flight-delays-europe-cyber-attack-heathrow-brussels-berlin"">Continue reading...</a>"
British art dealer in row over return of Banksy artworks from Italy,https://www.theguardian.com/artanddesign/2025/sep/22/british-art-dealer-in-row-over-return-of-banksy-artworks-from-italy,"Mon, 22 Sep 2025 05:00:03 GMT","<p>Essex-based John Brandler seeking final loan payments as well as three murals from exhibitions company</p><p>A bitter row has broken out between a British art dealer and an Italian exhibitions company over three enormous Banksy murals that were loaned three years ago and which the dealer insured for £15m.</p><p>John Brandler, an Essex-based specialist in work by the graffiti artist, is pursuing legal action after losing patience with Metamorfosi in Rome, which stages temporary touring exhibitions.</p> <a href=""https://www.theguardian.com/artanddesign/2025/sep/22/british-art-dealer-in-row-over-return-of-banksy-artworks-from-italy"">Continue reading...</a>"
Angelina Jolie says ‘I don’t recognise my country’ now amid threats to freedom of speech in US,https://www.theguardian.com/film/2025/sep/22/angelina-jolie-freedom-of-speech-usa-kimmel-response-says-dont-recognise-my-country,"Mon, 22 Sep 2025 03:20:12 GMT","<p>Oscar winner’s comments come days after suspension of Jimmy Kimmel by ABC and Disney, a decision heavily criticised by major stars including Pedro Pascal and Olivia Rodrigo</p><p>Angelina Jolie has said “I don’t recognise my country” amid the threats to free speech in the US, saying “anything anywhere that divides or limits personal expressions and freedoms from anyone, I think, is very dangerous”.</p><p>At <a href=""https://variety.com/2025/film/global/angelina-jolie-america-breast-cancer-couture-san-sebastian-1236525650/"">Spain’s San Sebastián film festival on Sunday,</a> the Oscar winning actor was asked by a journalist: “What do you fear as an artist and an American?”</p> <a href=""https://www.theguardian.com/film/2025/sep/22/angelina-jolie-freedom-of-speech-usa-kimmel-response-says-dont-recognise-my-country"">Continue reading...</a>"
German jets scrambled after Russian military plane flies over Baltic Sea,https://www.theguardian.com/world/2025/sep/21/german-jets-scrambled-after-russian-military-plane-flies-over-baltic-sea,"Sun, 21 Sep 2025 16:58:53 GMT","<p>Russian Il-20M reconnaissance plane ignored requests to make contact, in latest of what are seen as provocative acts by Kremlin</p><p>Two German Eurofighter jets <a href=""https://www.spiegel.de/ausland/ostsee-russisches-militaerflugzeug-loest-alarmstart-von-eurofightern-aus-a-178ec37b-61dc-48b4-805e-d3cb382dd2c4"">were scrambled on Sunday</a> to intercept a Russian military aircraft above the Baltic Sea, as Estonia said it would call an emergency meeting of the UN security council after Russian planes violated its airspace.</p><p>Germany’s air force said the Russian Il-20M reconnaissance plane had switched off its transponders and ignored requests to make contact. The Eurofighters took off from the Rostock-Laage airbase to head off the aircraft as it flew in international airspace.</p> <a href=""https://www.theguardian.com/world/2025/sep/21/german-jets-scrambled-after-russian-military-plane-flies-over-baltic-sea"">Continue reading...</a>"
European officials warn Israel not to annex parts of West Bank in response to recognition of Palestinian state – Middle East crisis live,https://www.theguardian.com/world/live/2025/sep/22/palestinian-state-gaza-israel-middle-east-hamas-benjamin-netanyahu-latest-live-updates,"Mon, 22 Sep 2025 10:40:05 GMT","<p>UK, Australia, Canada and Portugal recognised Palestinian statehood on Sunday with France set to do the same </p><p>The Israeli military, which justifies its assault on Gaza City by saying it wants to “destroy Hamas military infrastructure” hasn’t given a timeline for the ground offensive, but there are indications it could take months.</p><p>Amid this flurry of diplomatic activity, Israel is continuing to launch deadly attacks on Gaza, including on <strong>Gaza City</strong>, the biggest urban centre in the territory.</p> <a href=""https://www.theguardian.com/world/live/2025/sep/22/palestinian-state-gaza-israel-middle-east-hamas-benjamin-netanyahu-latest-live-updates"">Continue reading...</a>"
At least 40 killed in Gaza and five in Lebanon in Israeli strikes,https://www.theguardian.com/world/2025/sep/21/at-least-40-killed-in-gaza-and-five-in-lebanon-in-israeli-strikes,"Sun, 21 Sep 2025 19:49:05 GMT","<p>Military steps up Gaza City takeover campaign as high-rise towers targeted and residents ordered to leave</p><p>Israeli strikes killed at least 40 people in Gaza on Sunday, including 19 women and children, as well as five people in Lebanon.</p><p>At least 14 people were killed in a single strike on a residential block in southern Gaza City, health officials at al-Shifa hospital said. Another attack killed at least eight Palestinians in the Bureij refugee camp in central Gaza, according to al-Awda hospital.</p> <a href=""https://www.theguardian.com/world/2025/sep/21/at-least-40-killed-in-gaza-and-five-in-lebanon-in-israeli-strikes"">Continue reading...</a>"
UK recognises state of Palestine to ‘keep alive’ the possibility of peace,https://www.theguardian.com/uk-news/2025/sep/21/uk-recognises-palestine-as-an-independent-state,"Sun, 21 Sep 2025 18:09:28 GMT","<p>Keir Starmer says announcement shows government’s hopes for a secure Israel alongside a viable Palestine</p><ul><li><p><a href=""https://www.theguardian.com/world/2025/sep/21/netanyahu-uk-palestinian-recogniton-absurd-prize-terrorism"">Netanyahu says recognition is a prize for terrorism</a></p></li></ul><p>The UK has formally recognised Palestine as an independent state, Keir Starmer has said, in a deeply symbolic announcement which the government hopes will show its commitment to peace in the region and ease domestic political tensions.</p><p>In a sign of the global concern over the humanitarian crisis in Gaza, Canada and <a href=""https://www.theguardian.com/australia-news/2025/sep/21/australia-joins-uk-and-canada-in-formally-recognising-palestinian-state"">Australia</a> also made their own formal declarations recognising Palestine on Sunday ahead of a conference of the UN general assembly in New York.</p> <a href=""https://www.theguardian.com/uk-news/2025/sep/21/uk-recognises-palestine-as-an-independent-state"">Continue reading...</a>"
Netanyahu calls UK’s Palestine recognition ‘absurd prize for terrorism’,https://www.theguardian.com/world/2025/sep/21/netanyahu-uk-palestinian-recogniton-absurd-prize-terrorism,"Sun, 21 Sep 2025 17:17:31 GMT","<p>Opposition leader Yair Golan blames government’s political recklessness and refusal to end the war in Gaza</p><p>Benjamin Netanyahu, Israel’s prime minister, called the UK’s <a href=""https://www.theguardian.com/uk-news/2025/sep/21/uk-recognises-palestine-as-an-independent-state"">recognition of Palestine</a> on Sunday “an absurd prize for terrorism”.</p><p>In remarks to ministers released by his office, he said Israel would have “to fight both in the UN and in all the other fronts against the slanderous propaganda aimed at us, and against the calls to create a Palestinian state that will endanger our existence and constitute an absurd prize for terrorism”.</p> <a href=""https://www.theguardian.com/world/2025/sep/21/netanyahu-uk-palestinian-recogniton-absurd-prize-terrorism"">Continue reading...</a>"
How will recognition of Palestinian statehood be greeted in the UK?,https://www.theguardian.com/politics/2025/sep/21/how-will-recognition-of-palestinian-statehood-be-greeted-in-the-uk,"Sun, 21 Sep 2025 15:54:14 GMT","<p>As well as being deeply symbolic, the move is also a major foreign policy shift for the Labour government</p><p>The UK’s formal recognition of Palestinian statehood is deeply symbolic on the world stage, but the major foreign policy shift is also a significant political step for the Labour government at home. The <a href=""https://www.theguardian.com/uk-news/2025/sep/21/uk-recognises-palestine-as-an-independent-state"">announcement</a> followed mounting pressure on Keir Starmer from within the Labour party and beyond.</p> <a href=""https://www.theguardian.com/politics/2025/sep/21/how-will-recognition-of-palestinian-statehood-be-greeted-in-the-uk"">Continue reading...</a>"
British couple released after detention in Afghanistan say they feared being executed,https://www.theguardian.com/uk-news/2025/sep/21/british-couple-released-after-detention-in-afghanistan-say-they-feared-being-executed,"Sun, 21 Sep 2025 13:19:16 GMT","<p>Barbie Reynolds, 76, and husband Peter, 80, said it was never explained to them why they were imprisoned</p><p>A British couple who were reunited with their family in the UK after being released from almost eight months in detention in Afghanistan have said they feared being executed by the Taliban.</p><p>Peter Reynolds, 80, and his wife, Barbie, 76, who <a href=""https://www.theguardian.com/uk-news/2025/sep/20/british-couple-detained-by-taliban-in-afghanistan-return-to-uk"">arrived at Heathrow on Saturday</a>, said it was never explained to them why they were imprisoned in Afghanistan after their arrest in February.</p> <a href=""https://www.theguardian.com/uk-news/2025/sep/21/british-couple-released-after-detention-in-afghanistan-say-they-feared-being-executed"">Continue reading...</a>"
Tulip Siddiq fears plans to use ‘fake’ documents to secure conviction in corruption trial,https://www.theguardian.com/politics/2025/sep/21/tulip-siddiq-fears-plans-to-use-fake-documents-to-secure-conviction-in-corruption-trial,"Sun, 21 Sep 2025 07:00:36 GMT","<p>Exclusive: Ex-minister being tried in absentia in Bangladesh claims ID card and passport tendered as evidence not hers</p><p>The former City minister <a href=""https://www.theguardian.com/politics/2025/jan/14/who-is-tulip-siddiq-niece-of-deposed-bangladeshi-pm-who-quit-treasury-role"">Tulip Siddiq</a> has said she fears prosecutors could be planning to use “fake” documents to secure her conviction in her trial in Bangladesh on corruption charges.</p><p>The Labour MP, who is being tried in absentia, spoke out after images of a Bangladeshi national identity card and a passport said to be in her name were published in newspapers in the UK and in Bangladesh.</p> <a href=""https://www.theguardian.com/politics/2025/sep/21/tulip-siddiq-fears-plans-to-use-fake-documents-to-secure-conviction-in-corruption-trial"">Continue reading...</a>"
British couple detained by Taliban in Afghanistan return to UK,https://www.theguardian.com/uk-news/2025/sep/20/british-couple-detained-by-taliban-in-afghanistan-return-to-uk,"Sat, 20 Sep 2025 16:32:40 GMT","<p>Barbie Reynolds, 76, and husband Peter, 80, were released after being held without charge for nearly eight months</p><p>A British couple who were detained without charge for nearly eight months by the Taliban in Afghanistan have arrived in the UK.</p><p>Barbie Reynolds, 76, and her husband Peter, 80, were <a href=""https://www.theguardian.com/world/2025/sep/19/british-couple-peter-and-barbie-reynolds-freed-after-six-months-in-captivity-in-afghanistan"">released on Friday</a>, having been arrested as they travelled to their home in Bamyan province, central Afghanistan, in February.</p> <a href=""https://www.theguardian.com/uk-news/2025/sep/20/british-couple-detained-by-taliban-in-afghanistan-return-to-uk"">Continue reading...</a>"
‘This is their attempt to silence him’: Umar Khalid reaches five years in Indian jail without trial,https://www.theguardian.com/world/2025/sep/20/umar-khalid-five-years-in-jail-without-trial-india,"Sat, 20 Sep 2025 04:00:03 GMT","<p>Held since 2020, India’s most prominent political prisoner has become a symbol of repression under the Modi regime</p><p>“There is indeed something about captivity that makes one feel like a state of somewhere between life and death,” wrote Umar Khalid in June in a letter penned as his fifth year languishing behind bars approached.</p><p>Few understand the purgatory of jail like Khalid. For five years – since his <a href=""https://www.theguardian.com/world/2020/sep/14/india-student-activist-umar-khalid-arrested-over-delhi-riots"">arrest in September 2020</a> under a draconian terrorism law – he has remained India’s most prominent political prisoner, to many a potent symbol of the systematic crushing of dissent under the dominant Hindu nationalist regime of the prime minister, Narendra Modi.</p> <a href=""https://www.theguardian.com/world/2025/sep/20/umar-khalid-five-years-in-jail-without-trial-india"">Continue reading...</a>"
Family tell of ‘immense joy’ at release of British couple detained in Afghanistan,https://www.theguardian.com/world/2025/sep/19/british-couple-peter-and-barbie-reynolds-freed-after-six-months-in-captivity-in-afghanistan,"Fri, 19 Sep 2025 13:29:58 GMT","<p>Peter and Barbie Reynolds were arrested and held without charge for eight months, raising fears for their health</p><p>A British couple have been freed from months of detention in Afghanistan, to the “immense joy” of their family.</p><p>The Taliban released Barbie Reynolds, 76, and her husband, Peter, 80, after being held for eight months.</p> <a href=""https://www.theguardian.com/world/2025/sep/19/british-couple-peter-and-barbie-reynolds-freed-after-six-months-in-captivity-in-afghanistan"">Continue reading...</a>"
"Farage vows to scrap indefinite leave to remain, placing thousands at risk of deportation",https://www.theguardian.com/politics/2025/sep/22/farage-vows-to-scrap-settled-status-placing-thousands-at-risk-of-deportation,"Mon, 22 Sep 2025 10:44:55 GMT","<p>Reform UK plans to force non-citizens to apply for visas with high salary thresholds and no access to NHS services</p><p>Nigel Farage has said Reform UK would scrap the main route that migrants take to gain British citizenship, leaving tens of thousands of legally settled people facing deportation unless they met strict rules.</p><p>Farage said the plans would tackle the “Boriswave” – the increase in the<a href=""https://www.theguardian.com/uk-news/2025/sep/14/what-do-the-immigration-figures-for-the-uk-really-show""> number of legal migrants who came to work in the UK</a> under post-Brexit migration rules established under Boris Johnson. Much of that increase was because of schemes from Ukraine, Hong Kong and Afghanistan to settle refugees.</p> <a href=""https://www.theguardian.com/politics/2025/sep/22/farage-vows-to-scrap-settled-status-placing-thousands-at-risk-of-deportation"">Continue reading...</a>"
Reform branded ‘threat to democracy’ over Farage plan to remove thousands of migrants with leave to be in UK – politics live,https://www.theguardian.com/politics/live/2025/sep/22/reform-labour-keir-starmer-nigel-farage-immigration-latest-uk-politics-updates,"Mon, 22 Sep 2025 10:44:48 GMT","<p>Nigel Farage says Reform UK would scrap the main route that migrants take to gain British citizenship</p><p><strong>Farage </strong>and<strong> Yusuf</strong> are now taking questions.</p><p><em>Q: [From the BBC’s Iain Watson] Will you withdraw the £230bn figure, because it has been withdrawn by the thinktank that produced it?</em></p><p>What we are attempting to do today is to make people realise that large-scale migration into Britain, where 50% at least of those that come, will never work and live off the British state, is actually making this country substantially poorer.</p> <a href=""https://www.theguardian.com/politics/live/2025/sep/22/reform-labour-keir-starmer-nigel-farage-immigration-latest-uk-politics-updates"">Continue reading...</a>"
‘Kafkaesque’: teacher in Birmingham fights to clear his name after identity fraud,https://www.theguardian.com/money/2025/sep/22/turned-my-life-into-hell-teacher-fights-to-clear-his-name-after-identity,"Mon, 22 Sep 2025 10:08:07 GMT","<p>Michael Bene is repaying £763 ‘advance’ despite evidence he did not attend face-to-face verification interview</p><p>A special needs teacher has spent almost a year trying to clear his name after a fraudulent universal credit claim was made using his identity, which has left him on the hook for hundreds of pounds in repayments.</p><p>The Department for Work and Pensions (DWP) has refused to acknowledge the fraud, even though Michael Bene has supplied evidence he was in the Scottish Highlands when the claimant attended a face-to-face verification interview in Cheshire.</p> <a href=""https://www.theguardian.com/money/2025/sep/22/turned-my-life-into-hell-teacher-fights-to-clear-his-name-after-identity"">Continue reading...</a>"
Met police investigate possible vetting errors over 300 recruits,https://www.theguardian.com/uk-news/2025/sep/22/met-police-investigate-possible-vetting-errors-over-300-recruits,"Mon, 22 Sep 2025 09:09:34 GMT","<p>Exclusive: Force examining whether hundreds of recruits had substandard or no checks before being allowed to join</p><p>Scotland Yard is urgently making checks on whether it bungled the vetting of hundreds of officers after concerns they may have used inadequate measures when hiring them to see if they posed a criminal risk.</p><p>About 300 new recruits may have had substandard or no vetting to see if they had criminal convictions, cautions or criminal associations and whether their integrity was at risk because of debt.</p> <a href=""https://www.theguardian.com/uk-news/2025/sep/22/met-police-investigate-possible-vetting-errors-over-300-recruits"">Continue reading...</a>"
Records of deadly 1934 pit explosion in Wrexham to be displayed near site,https://www.theguardian.com/uk-news/2025/sep/22/records-of-deadly-1934-pit-explosion-in-wrexham-to-be-displayed-near-site,"Mon, 22 Sep 2025 06:00:06 GMT","<p>Documents include letters calling for recovery of bodies and a falsified safety log that was part of a cover-up</p><p>Poignant records relating to a colliery disaster in the 1930s that lay unseen for decades at the <a href=""https://www.nationalarchives.gov.uk/"">National Archives</a> are being put on display close to the site of the mine in north Wales.</p><p>Among the documents at the west London archive are petitions and emotional letters calling for the bodies trapped in the underground explosion at the pit in Gresford to be recovered. Despite the heartfelt entreaties, the vast majority remain there.</p> <a href=""https://www.theguardian.com/uk-news/2025/sep/22/records-of-deadly-1934-pit-explosion-in-wrexham-to-be-displayed-near-site"">Continue reading...</a>"
Trump hails Charlie Kirk as ‘a martyr for America’s freedom’ at memorial – US politics live,https://www.theguardian.com/us-news/live/2025/sep/22/donald-trump-charlie-kirk-autism-us-politics-live-news-updates,"Mon, 22 Sep 2025 10:35:15 GMT","<p>President’s message that he ‘hates’ his opponents contrasts with Erika Kirk’s forgiveness of the man charged with killing her husband<br><br><a href=""https://www.theguardian.com/us-news/2025/sep/21/thousands-gather-at-charlie-kirk-memorial-in-arizona-where-trump-to-pay-tribute-to-slain-organizer"">Donald Trump says he hates his opponents at Charlie Kirk’s memorial</a></p><p><strong>A delegation of US lawmakers met with Chinese defence minister Dong Jun on Monday in the first House of Representatives visit to Beijing in six years, with talks aimed at bolstering exchanges including military-to-military communication.</strong></p><p>The bipartisan delegation was led by Democratic US representative Adam Smith, the current top Democrat on the House Armed Services Committee that oversees the US Defense Department and armed forces.</p> <a href=""https://www.theguardian.com/us-news/live/2025/sep/22/donald-trump-charlie-kirk-autism-us-politics-live-news-updates"">Continue reading...</a>"
First Thing: Trump says he ‘hates’ his opponents at Charlie Kirk memorial attended by tens of thousands,https://www.theguardian.com/us-news/2025/sep/22/first-thing-trump-says-he-hates-his-opponents-at-charlie-kirk-memorial-attended-by-tens-of-thousands,"Mon, 22 Sep 2025 10:17:37 GMT","<p>The vice-president JD Vance used his speech to call Kirk a ‘martyr for the Christian faith’. Plus, a behavioral scientist shares how she stays focused</p><ul><li><p><a href=""https://www.theguardian.com/info/2018/sep/17/guardian-us-morning-briefing-sign-up-to-stay-informed""><strong>Don’t already get First Thing in your inbox? Sign up here</strong></a></p></li></ul><p>Good morning.</p><p>Donald Trump told a crowd of <a href=""https://www.theguardian.com/us-news/2025/sep/21/thousands-gather-at-charlie-kirk-memorial-in-arizona-where-trump-to-pay-tribute-to-slain-organizer"">tens of thousands that he “hates” his opponents</a> at a memorial for Charlie Kirk, despite his widow saying she forgives the man charged with fatally shooting her husband.</p><p><strong>What </strong><strong>did JD Vance say?</strong> He used his eulogy to call Kirk “a martyr for the Christian faith”, despite no evidence that religion played a role in his killing. <a href=""https://www.theguardian.com/us-news/2025/sep/21/jd-vance-charlie-kirk-analysis"">David Smith reflects that the speech</a> may have been a canny attempt to lock in a new generation of young Christians before 2028.</p><p><strong>How might it ostracize Hamas?</strong> The strategy, led by France, which plans to make the same move on Monday, aims to make recognition part of a wider process, including a reformed, democratically elected Palestinian Authority to supersede Hamas in Gaza.</p><p><strong>Where is the US on this?</strong> A US state department spokesperson on Sunday dismissed the move to recognise Palestine as “performative”.</p><p><a href=""https://www.theguardian.com/world/live/2025/sep/22/palestinian-state-gaza-israel-middle-east-hamas-benjamin-netanyahu-latest-live-updates"">You can follow the latest updates on our liveblog.</a></p> <a href=""https://www.theguardian.com/us-news/2025/sep/22/first-thing-trump-says-he-hates-his-opponents-at-charlie-kirk-memorial-attended-by-tens-of-thousands"">Continue reading...</a>"
Robert Redford’s death renews search for suspect in murder of daughter’s boyfriend,https://www.theguardian.com/us-news/2025/sep/22/robert-redford-sid-wells-death-murder-search,"Mon, 22 Sep 2025 10:00:06 GMT","<p>FBI announces $10,000 reward to find suspect who disappeared after Sid Wells was fatally shot in 1983</p><p>The recent <a href=""https://www.theguardian.com/film/2025/sep/16/robert-redford-obituary"">death</a> of <a href=""https://www.theguardian.com/film/robertredford"">Robert Redford</a> brought renewed interest to an unresolved search for a murder suspect – the one accused of killing the boyfriend of the acclaimed actor’s daughter in <a href=""https://www.theguardian.com/us-news/colorado"">Colorado</a> decades earlier.</p><p>As local outlets recounted in the aftermath of Redford’s death, his daughter Shauna was attending the University of Colorado Boulder when her boyfriend and fellow student, Sid Wells, was fatally shot in his apartment. Redford was gearing up to film his classic The Natural at the time of the 1 August 1983 murder, yet he was at his daughter’s side in the wake of Wells’ death and was present for his funeral.</p> <a href=""https://www.theguardian.com/us-news/2025/sep/22/robert-redford-sid-wells-death-murder-search"">Continue reading...</a>"
"Trump’s $100,000 H-1B visa fee could hurt US growth, economists warn",https://www.theguardian.com/business/2025/sep/22/trump-h-1b-visa-fees-us-economy-tech-india,"Mon, 22 Sep 2025 09:38:57 GMT","<p>Move is a blow to big tech companies, which rely heavily on visas to hire staff from overseas, particularly India</p><ul><li><p><a href=""https://www.theguardian.com/business/live/2025/sep/22/rachel-reeves-gatwick-second-runway-growth-jobs-environmental-disaster-business-live-news"">Business live – latest updates</a></p></li></ul><p>Donald Trump’s decision to impose a <a href=""https://www.theguardian.com/us-news/2025/sep/19/trump-h1b-visa-100000-fee"">$100,000 (£74,096) fee on H1-B visas for skilled foreign workers</a> could hurt US economic growth, economists have warned.</p><p>Trump signed a proclamation on Friday introducing the application fee for the H-1B visa, 60 times the current cost, in a move designed to encourage companies to hire more American workers.</p> <a href=""https://www.theguardian.com/business/2025/sep/22/trump-h-1b-visa-fees-us-economy-tech-india"">Continue reading...</a>"
Trump rails against opponents in Kirk tribute after widow says she forgives shooting suspect – as it happened,https://www.theguardian.com/us-news/live/2025/sep/21/charlie-kirk-funeral-memorial-time-updates-arizona,"Mon, 22 Sep 2025 00:03:28 GMT","<p>This blog is now closed.</p><ul><li><p><a href=""https://www.theguardian.com/us-news/2025/sep/21/thousands-gather-at-charlie-kirk-memorial-in-arizona-where-trump-to-pay-tribute-to-slain-organizer"">Full report: Trump pays tribute to Charlie Kirk as tens of thousands attend memorial</a></p></li><li><p><a href=""https://www.theguardian.com/us-news/2025/sep/21/erika-kirk-charlie-kirk-killing"">Erika Kirk, Charlie Kirk’s widow, says she forgives man accused of murder</a></p></li><li><p><a href=""https://www.theguardian.com/us-news/2025/sep/21/charlie-kirk-memorial-arizona-dispatch"">Charlie Kirk funeral mixes rally and revival as mourners vow to spread Maga message</a></p></li></ul><p><strong>Christian nationalists in the US are positioning Charlie Kirk as a martyr for their movement, one that has grown in popularity and whose rise was intertwined with Kirk’s own political ascent.</strong></p><p>After Kirk’s killing, his widow, Erika Kirk, <a href=""https://www.instagram.com/p/DOhq3UBEd6l/?hl=en&amp;img_index=6"">wrote</a> on social media that the “world is evil”, but God “so good”. The “sound of this widow weeping [echoes] throughout this world like a battle cry,” she said. “They have no idea what they just ignited within this wife.”</p><p>“Last week, we brought my dear friend Charlie Kirk home one last time. Today, we return to Arizona to remember Charlie and honor his sacrifice. May he eternally rest in peace, and may God watch over Erika and their beautiful children.”</p> <a href=""https://www.theguardian.com/us-news/live/2025/sep/21/charlie-kirk-funeral-memorial-time-updates-arizona"">Continue reading...</a>"
